{
  "P50": 526.9477777146585,
  "P90": 489.0980255731017,
  "psm3eyear": 575.2910832550278,
  "psm3quantile": 100.0,
  "tmy2eyear": 555.6229541594139,
  "tmy2quantile": 92.3076923076923,
  "tmy3eyear": 534.3400484767675,
  "tmy3quantile": 65.38461538461539
}