{
  "P50": 607.0870456261113,
  "P90": 593.3947771996069,
  "psm3eyear": 623.3263562595474,
  "psm3quantile": 68.0,
  "tmy2eyear": 626.7754889206219,
  "tmy2quantile": 72.0,
  "tmy3eyear": 616.5923173478495,
  "tmy3quantile": 56.0,
  "tmy3eyear_2": 617.9188568692017,
  "tmy3quantile_2": 56.0,
  "tmy3eyear_3": 602.078576313255,
  "tmy3quantile_3": 36.0
}