{
  "P50": 615.1292317275966,
  "P90": 600.845810617159,
  "psm3eyear": 622.8471691847865,
  "psm3quantile": 56.0,
  "tmy2eyear": 626.7754889206219,
  "tmy2quantile": 64.0,
  "tmy3eyear": 618.7732169809266,
  "tmy3quantile": 52.0,
  "tmy3eyear_2": 620.1252782962262,
  "tmy3quantile_2": 56.0,
  "tmy3eyear_3": 604.196374818521,
  "tmy3quantile_3": 20.0
}