{
  "P50": 744.2445482953452,
  "P90": 714.9783113181757,
  "psm3eyear": 777.2462585614979,
  "psm3quantile": 100.0,
  "tmy3eyear": 755.4186636079666,
  "tmy3quantile": 86.36363636363636
}