{
  "P50": 530.4279530019353,
  "P90": 510.30230151329897,
  "psm3eyear": 550.6841921088794,
  "psm3quantile": 92.0,
  "tmy2eyear": 542.9556292763112,
  "tmy2quantile": 80.0,
  "tmy3eyear": 535.8182110763565,
  "tmy3quantile": 72.0
}