{
  "P50": 534.5844128539237,
  "P90": 513.4179891360033,
  "psm3eyear": 550.5824910585287,
  "psm3quantile": 88.0,
  "tmy2eyear": 542.9556292763112,
  "tmy2quantile": 76.0,
  "tmy3eyear": 546.7821002114257,
  "tmy3quantile": 80.0
}