{
  "P50": 552.8894559590314,
  "P90": 516.8028310737841,
  "psm3eyear": 624.6681550213726,
  "psm3quantile": 100.0,
  "tmy2eyear": 590.7971515787883,
  "tmy2quantile": 92.3076923076923,
  "tmy3eyear": 573.2612403748171,
  "tmy3quantile": 69.23076923076923,
  "tmy3eyear_2": 570.2429766852866,
  "tmy3quantile_2": 65.38461538461539,
  "tmy3eyear_3": 560.462679939043,
  "tmy3quantile_3": 61.53846153846154,
  "tmy3eyear_4": 542.8060258209266,
  "tmy3quantile_4": 46.15384615384615
}