{
  "P50": 484.9643142820353,
  "P90": 449.76954494684094,
  "psm3eyear": 529.5338825243964,
  "psm3quantile": 100.0,
  "tmy2eyear": 475.63651282056117,
  "tmy2quantile": 36.36363636363637,
  "tmy3eyear": 457.5590793960511,
  "tmy3quantile": 13.636363636363637
}