{
  "P50": 551.3048911639914,
  "P90": 551.3048911639914,
  "psm3eyear": 578.6627936688593,
  "psm3quantile": 100.0,
  "tmy2eyear": 553.6601089808967,
  "tmy2quantile": 100.0,
  "tmy3eyear": 535.5478562837882,
  "tmy3quantile": 0.0,
  "tmy3eyear_2": 522.2119262282523,
  "tmy3quantile_2": 0.0
}