{
  "P50": 541.1015063984585,
  "P90": 513.239854491404,
  "psm3eyear": 578.6627936688593,
  "psm3quantile": 100.0,
  "tmy2eyear": 553.6601089808967,
  "tmy2quantile": 82.3529411764706,
  "tmy3eyear": 535.5478562837882,
  "tmy3quantile": 41.1764705882353,
  "tmy3eyear_2": 522.2119262282523,
  "tmy3quantile_2": 23.529411764705884
}