{
  "P50": 543.9817448289311,
  "P90": 515.9839447374047,
  "psm3eyear": 578.6627936688593,
  "psm3quantile": 100.0,
  "tmy2eyear": 553.6601089808967,
  "tmy2quantile": 70.58823529411765,
  "tmy3eyear": 535.5478562837882,
  "tmy3quantile": 41.1764705882353,
  "tmy3eyear_2": 522.2119262282523,
  "tmy3quantile_2": 11.764705882352942
}