year,EYEAR
2004,530.4153019813913
2005,550.3117281250655
2006,529.3762246425526
2007,541.1015063984585
2008,553.0988108621219
2009,519.8612143241231
2010,555.1085445523038
2011,547.7225527836725
2012,573.6568291524113
2013,522.1932607985292
2014,525.8093646117637
2015,542.1498210213811
2016,559.6774165156693
2017,547.1765349616095
2018,496.9442850910813
2019,503.30781474232543
2020,538.7966729953902
