{
  "P50": 543.9817448289311,
  "P90": 515.9839447374047,
  "psm3eyear": 577.0640745724203,
  "psm3quantile": 94.11764705882354,
  "tmy2eyear": 553.6601089808967,
  "tmy2quantile": 70.58823529411765,
  "tmy3eyear": 546.3440149992084,
  "tmy3quantile": 58.8235294117647,
  "tmy3eyear_2": 525.0489008303387,
  "tmy3quantile_2": 17.647058823529413
}