{
  "P50": 554.9055261227745,
  "P90": 516.7428211496072,
  "psm3eyear": 628.85937322216,
  "psm3quantile": 100.0,
  "tmy2eyear": 590.7971515787883,
  "tmy2quantile": 92.3076923076923,
  "tmy3eyear": 576.6150154151638,
  "tmy3quantile": 73.07692307692308,
  "tmy3eyear_2": 573.6126932406947,
  "tmy3quantile_2": 69.23076923076923,
  "tmy3eyear_3": 570.9823127942046,
  "tmy3quantile_3": 65.38461538461539,
  "tmy3eyear_4": 546.246953514283,
  "tmy3quantile_4": 46.15384615384615
}