{
  "P50": 750.5807381404213,
  "P90": 721.7841105337052,
  "psm3eyear": 780.2659204918856,
  "psm3quantile": 100.0,
  "tmy3eyear": 758.0480439016801,
  "tmy3quantile": 81.81818181818181
}