{
  "P50": 487.73910619826097,
  "P90": 451.0381700558311,
  "psm3eyear": 530.5321659884486,
  "psm3quantile": 100.0,
  "tmy2eyear": 475.63651282056117,
  "tmy2quantile": 36.36363636363637,
  "tmy3eyear": 461.03595767369666,
  "tmy3quantile": 13.636363636363637
}