{
  "P50": 529.7605243388733,
  "P90": 490.8645875430573,
  "psm3eyear": 576.7276355764498,
  "psm3quantile": 96.15384615384616,
  "tmy2eyear": 555.6229541594139,
  "tmy2quantile": 88.46153846153847,
  "tmy3eyear": 544.9990922696499,
  "tmy3quantile": 88.46153846153847
}